{"cameraMode":{"drawMode":0,"name":"Shaded","section":"Shading Mode"},"sceneLighting":true,"audioPlay":false,"sceneViewState":{"showFog":false,"showMaterialUpdate":false,"showSkybox":false,"showFlares":false,"showImageEffects":false,"showParticleSystems":false},"in2DMode":false,"pivot":{"x":-0.6314108371734619,"y":-0.4721416234970093,"z":4.42067289352417},"rotation":{"x":-0.11848657578229904,"y":0.02383439615368843,"z":-0.0028513185679912569,"w":-0.9926769137382507},"size":8.415523529052735,"orthographic":false}