{"cameraMode":{"drawMode":0,"name":"Shaded","section":"Shading Mode"},"sceneLighting":true,"audioPlay":false,"sceneViewState":{"showFog":true,"showMaterialUpdate":false,"showSkybox":true,"showFlares":true,"showImageEffects":true,"showParticleSystems":true},"in2DMode":false,"pivot":{"x":0.1688879281282425,"y":-0.8245070576667786,"z":-2.240959644317627},"rotation":{"x":0.003716882085427642,"y":0.9388687014579773,"z":-0.34410783648490908,"w":0.010141153819859028},"size":9.959541320800782,"orthographic":false}