{"cameraMode":{"drawMode":0,"name":"Shaded","section":"Shading Mode"},"sceneLighting":true,"audioPlay":false,"sceneViewState":{"showFog":true,"showMaterialUpdate":false,"showSkybox":true,"showFlares":true,"showImageEffects":true,"showParticleSystems":true},"in2DMode":false,"pivot":{"x":-0.12542815506458283,"y":-0.8817775845527649,"z":1.3456283807754517},"rotation":{"x":0.34946438670158389,"y":-0.0014066387666389347,"z":0.000521000474691391,"w":0.9369547367095947},"size":12.235130310058594,"orthographic":false}